{"cameraMode":{"drawMode":0,"name":"Shaded","section":"Shading Mode"},"sceneLighting":true,"audioPlay":false,"sceneViewState":{"showFog":true,"showMaterialUpdate":false,"showSkybox":true,"showFlares":true,"showImageEffects":true,"showParticleSystems":true},"in2DMode":false,"pivot":{"x":29.07691764831543,"y":-6.684906482696533,"z":-37.915618896484378},"rotation":{"x":-0.007918850518763066,"y":0.9920328855514526,"z":-0.09433713555335999,"w":-0.08322710543870926},"size":22.780256271362306,"orthographic":false}