{"cameraMode":{"drawMode":0,"name":"Shaded","section":"Shading Mode"},"sceneLighting":true,"audioPlay":false,"sceneViewState":{"showFog":true,"showMaterialUpdate":false,"showSkybox":true,"showFlares":true,"showImageEffects":true,"showParticleSystems":true},"in2DMode":false,"pivot":{"x":20.535072326660158,"y":13.520493507385254,"z":7.3086090087890629},"rotation":{"x":0.008387641049921513,"y":0.8847818970680237,"z":-0.4656989574432373,"w":0.015924207866191865},"size":10.06517505645752,"orthographic":true}