{"cameraMode":{"drawMode":0,"name":"Shaded","section":"Shading Mode"},"sceneLighting":true,"audioPlay":false,"sceneViewState":{"showFog":true,"showMaterialUpdate":false,"showSkybox":true,"showFlares":true,"showImageEffects":true,"showParticleSystems":true},"in2DMode":false,"pivot":{"x":12.158278465270996,"y":6.86857795715332,"z":13.493756294250489},"rotation":{"x":-0.02303951419889927,"y":0.9690876007080078,"z":-0.22485825419425965,"w":-0.09918832778930664},"size":1.621591329574585,"orthographic":true}