{"cameraMode":{"drawMode":0,"name":"Shaded","section":"Shading Mode"},"sceneLighting":true,"audioPlay":false,"sceneViewState":{"showFog":true,"showMaterialUpdate":false,"showSkybox":true,"showFlares":true,"showImageEffects":true,"showParticleSystems":true},"in2DMode":false,"pivot":{"x":-7.529570579528809,"y":2.3065104484558107,"z":2.451779842376709},"rotation":{"x":0.055949192494153979,"y":0.8929775953292847,"z":-0.11584015935659409,"w":0.4313575029373169},"size":3.466355085372925,"orthographic":true}