{"cameraMode":{"drawMode":0,"name":"Shaded","section":"Shading Mode"},"sceneLighting":false,"audioPlay":false,"sceneViewState":{"showFog":true,"showMaterialUpdate":false,"showSkybox":false,"showFlares":true,"showImageEffects":true,"showParticleSystems":true},"in2DMode":false,"pivot":{"x":7.152557373046875e-7,"y":0.08364369720220566,"z":0.0},"rotation":{"x":0.008387641049921513,"y":0.8847818970680237,"z":-0.4656989574432373,"w":0.015924207866191865},"size":0.27549636363983157,"orthographic":true}